name,carnet,contact,description
Zin Maria,1676137334-729,17172634244,Physiotherapist - El-Mansoura
Zhiyong Nushi,1676137337-730,15266364774,Dermatologist - El-Ibrahimia
Zhiwei Mohammed,1676137340-731,13928455232,Orthopedist - 6th of October
Zhiqiang Jose,1676137343-732,21081583457,Gynecologist - El-Haram
Zhiping Muhammad,1676137345-733,9302707834,Dermatologist - Nasr City
Zhiming Mohamed,1676137351-734,14294765098,Pediatrician - El-Dokki
Zhijun Wei,1676137354-735,11616256274,Pediatrician - El-Dokki
Zhijian Mohammad,1676137357-736,9377047772,Cardiologist - El-Dokki
Zhihui Ahmed,1676137360-737,9849897399,Gynecologist - 6th of October
Zhihua Yan,1676137363-738,12761775710,Pediatrician - Yousef Abbas
Zhihong Ali,1676137367-739,11358256416,General Surgeon - El-Maadi : Zahraa El Maadi Road Carefour
Zhigang John,1676137370-740,14058485184,Urologist - Nasr City
Zhi David,1676137381-741,17992904050,Neurosurgeon - Nasr City
Zhenhua Li,1676137391-742,9447617714,Gynecologist - Shoubra El-Kheima : 15th may
Zhen Abdul,1676137400-743,27385872661,General Surgeon - Moharam Bek : moharam bek
Zaw Ana,1676137407-744,21657533365,Gynecologist - El-Mohandessin : el Sudan Street
Zainab Ying,1676137412-745,24167593015,Urologist - El-Dokki
Zahra Michael,1676137415-746,36617991990,Nephrologist - Nasr City : Zaker Hussien Street-District 7
Yvonne Juan,1676137417-747,10767566768,Neurologist - El-Dokki
Yvan Anna,1676137425-748,12052276047,Pediatrician - Nasr City : Ibrahim Nawar parallel to Ahmed Fakhry - Sixth Region.
Yusuf Mary,1676137428-749,18515623936,Physiotherapist - Shoubra El-Kheima
Yuriy Jean,1676137434-750,9875437379,ENT Doctor - El-Zagazig : al kwmya street
Yuping Robert,1676137436-751,9225467899,Ophthalmologist - Shoubra
Yun Daniel,1676137441-752,38332451901,Nephrologist - New Cairo : beside new cairo court
Yumei Luis,1676137444-753,9265757865,Internist - El-Mansoura : sandob square
Yuliya Carlos,1676137447-754,19085753818,ENT Doctor - El-Mokattam : Street 9
Yuhua James,1676137452-755,10997976626,General Surgeon - El-Sheikh Zayed : Mouez plaza-
Yue Antonio,1676137456-756,33874272151,Internist - Tanta : Elmoderya st
Yuanyuan Joseph,1676137459-757,16881274317,Cardiothoracic Surgeon - El-Giza : Morad street
Yu Hui,1676137462-758,7842050929,"Cardiologist - Shoubra El-Kheima : 15 May, St."
Yousef Elena,1676137465-759,9866017387,Internist - El-Zaitoun : Seliem El Awal
Yong Francisco,1676134721-420,62444381167,Physiotherapist - El-Mansoura
Yolanda Hong,1676134724-421,15776864619,Dermatologist - El-Ibrahimia
Yoko Marie,1676134727-422,9756657469,Orthopedist - 6th of October
Yingying Min,1676134730-423,10333337052,Gynecologist - El-Haram
Ying Lei,1676134733-424,12047080605,Dermatologist - Nasr City
Yin Yu,1676134741-425,14227245122,ENT Doctor - Hadayek El-Ahram
Yen Ibrahim,1676134744-426,9484087684,ENT Doctor - El-Abbasia
Yasmin Peter,1676134748-427,14251225114,Cardiologist - El-Mohandessin : ahmed orabi
Yanyan Fatima,1676134751-428,9803087434,Psychiatrist - El-Mokattam
Yanping Aleksandr,1676134756-429,14987284862,Dentist - El-Maadi : 77 Street Extension - Arab El Maadi
Yanling Richard,1676134759-430,11385436401,Ophthalmologist - Faisal : faisal main street
Yanhua Xin,1676134766-431,10486806949,Endocrinologist - New Cairo
Yanhong Bin,1676134769-432,10875656701,Rheumatologist - Nasr City : Ahmed qasim branched from abbas elakaad
Yan Paul,1676134772-433,14793356493,"Orthopedist - Sidy Bishr : 196 Gamal Abdelnasser st, - Beside Baba Sharo."
Xuemei Ping,1676134786-434,13529045387,Physiotherapist - Faisal : Huda Mosque Street
Xuan Lin,1676134793-435,17143094251,Physiotherapist - Nasr City : metwally el shaarawy
Xing Olga,1676134798-436,16274864478,Ophthalmologist - Miamy
Xin Sri,1676134801-437,70394311035,Gynecologist - Faisal : king Faisal Street
Xiaoyu Pedro,1676134804-438,12133606006,Dermatologist - Faisal : gendia  mall _eltawabek
Xiaoying ,1676134807-439,14017835199,ENT Doctor - El-Mansoura : gehan
Xiaoyan William,1676134810-440,30259462408,Internist - El-Zagazig : mahmoud hashem street-Kawmya
Xiaoxia Rosa,1676134814-441,9203177919,Cardiologist - El-Mansoura : salah salem street
Xiaowei Thomas,1676134819-442,9722187496,Neurologist - El-Dokki : Wezaret El Zeraa Street
Xiaoqing Jorge,1676134822-443,10482126952,Dentist - Faisal : 106 king fisal above ahli bank front of vodafone maryotya
Xiaoping Yong,1676134826-444,18495203940,Dentist - Sidy Bishr
Xiaoming Elizabeth,1676134829-445,16336194461,Dentist - New Cairo : 90
Xiaomin Sergey,1676134832-446,9793807441,Physiotherapist - Hadayek El-Ahram : Fifth North Street after Menkaure Gate
Xiaomei Ram,1676134835-447,13816895274,Dentist - Shoubra : shikolany
Xiaoling Patricia,1676134838-448,17060804272,Dentist - Assiut city : yousry ragheb extention
Xiaolin Hassan,1676134842-449,10669846830,Dentist - El-Sayeda Zainab : A Elkasr Eleini
Xiaoli Anita,1676134845-450,18841123868,Physiotherapist - Sidy Bishr : Alaman st. from sidi Beshr mosque st.
Xiaojun Manuel,1676134848-451,14399665061,Gastroenterologist - El-Maadi
Xiaohui Victor,1676134375-385,13826565271,Physiotherapist - El-Mansoura
Xiaohua Sandra,1676134378-386,14905764889,Dermatologist - El-Ibrahimia
Xiaohong Ming,1676134380-387,20939663480,Orthopedist - 6th of October
Xiaofeng Siti,1676134383-388,14819294918,Gynecologist - El-Haram
Xiaodong Miguel,1676134386-389,16830234330,Dermatologist - Nasr City
Xiang Emmanuel,1676134393-390,24271533003,Plastic Surgeon - El-Zagazig
Xian Samuel,1676134396-391,10147717181,Internist - El-Zagazig : mahmoud hashem street-Kawmya
Wolfgang Ling,1676134399-392,11891736128,Pulmonologist - El-Mokattam
Wilson Charles,1676134403-393,14192525135,Dermatologist - Faisal : gendia  mall _eltawabek
William Sarah,1676134407-394,63513851147,Neurologist - El-Dokki : Wezaret El Zeraa Street
Werner Mario,1676134410-395,11556226306,"Dentist - El-Zagazig : ,  El Obour Bridge extension"
Wenjun Joao,1676134414-396,10932936666,Dentist - Shoubra : shoubra street
Wenjing Tatyana,1676134417-397,9449057712,Dentist - El-Fayoum city
Wenjie Mark,1676134424-398,10238957117,Physiotherapist - Hadayek El-Ahram : Fifth North Street after Menkaure Gate
Wendy Rita,1676134437-399,11736116210,Dentist - New Cairo : 90
Weiwei Martin,1676134444-400,13017675598,Dentist - Assiut city : yousry ragheb extention
Weiping Svetlana,1676134453-401,10133457192,Dentist - Sidy Bishr
Weiming Patrick,1676134456-402,9710997504,Dentist - Heliopolis : othman ibn affan
Weimin Natalya,1676134459-403,10491206946,Dentist - Tanta : saeed with omar abd el3aziz
Weihua Qing,1676134486-404,11184446516,Dentist - Shoubra : shikolany
Weidong Ahmad,1676134490-405,14649214975,Dentist - El-Mokattam
Wei Martha,1676134497-406,17145807425,Dentist - Faisal : 106 king fisal above ahli bank front of vodafone maryotya
Walter Andrey,1676134500-407,24943192922,Dentist - El-Sayeda Zainab : A Elkasr Eleini
Wai Sunita,1676134504-408,20853793495,Urologist - El-Zagazig : next to sednawy hospital
Vladymyr Andrea,1676134508-409,16609334388,Orthopedist - Hadayek El-Ahram : Gardenia Street
Vladimir Christine,1676134513-410,40053261819,Gynecologist - 6th of October
Virginia Irina,1676134517-411,16392824446,Physiotherapist - New Cairo : El Narges Services Area
Vinod Laura,1676134532-412,22176673286,Physiotherapist - Sidy Bishr : Alaman st. from sidi Beshr mosque st.
Vincent Linda,1676134536-413,15409634729,Dentist - El-Mansoura
Viktoriya Marina,1676134538-414,14359665075,Dentist - Nasr City :  Mohamed Almakreif
Viktor Carmen,1676134541-415,15503624701,Dentist - Madinaty : Medical Center
Vijay Ghulam,1676134545-416,26796092720,Orthopedist - Hadayek El-Ahram : elgish street
Victoria Vladimir,1676134548-417,26269232774,Gynecologist - El-Maadi : carrefour road
Victor Barbara,1676134551-418,53881461353,Audiologist - Faisal : fisal street
Vicente Angela,1676134554-419,12947895628,"Dentist - Sidy Bishr : 41 Albekbashy Elesawy st., in front of the Computer Mall."
Veronica George,1676137028-696,25596082847,Physiotherapist - El-Mansoura
Vera ,1676137031-697,22230843278,Dermatologist - El-Ibrahimia
Vasylyi Roberto,1676137034-698,10668446831,Orthopedist - 6th of October
Vanessa ,1676137037-699,13458465415,Gynecologist - El-Haram
Van Peng,1676137040-700,11066966585,Dermatologist - Nasr City
Valerie Ivan,1676137046-701,11715136221,Pulmonologist - El-Dokki
Valentyna Alexander,1676137050-702,11301026449,Physiotherapist - El-Dokki : Tiba St from Gamaet Dwol
Valentina Ekaterina,1676137054-703,17800824094,"Dentist - Heliopolis : Ahmed el Dardiry, Ard El Golf"
Usman Qiang,1676137057-704,18058824035,Gynecologist - El-Dokki
Usha Yun,1676137060-705,18826623871,Dentist - 45205
Ursula Jesus,1676137063-706,11541936314,Gynecologist - El-Manyal : Elmanial street
Urmila Susan,1676137065-707,15649524657,Pediatrician - El-Dokki
Umesh Sara,1676137068-708,10606676871,Gynecologist - Alharam street
Umar Noor,1676137077-709,17363264197,Hematologist - Tanta : El-Geish St.  with Al-Galaa st. Al-Awkaf tower .
Uma Mariam,1676137080-710,11802386175,Endocrinologist - Faisal : Faisal First
Tun Dmitriy,1676137086-711,16941894301,Dentist - 6th of October : in front of wadi degla club
Tuan Eric,1676137089-712,17746314107,Internist - Heliopolis : -behind Miliatry College
Tu Zahra,1676137091-713,9421207735,Psychiatrist - Faisal
Trang Fatma,1676137096-714,14184385138,Cardiologist - El-Mansoura : Marinet Mubarak Madina Monawara st.
Tony Fernando,1676137099-715,12850245671,General Surgeon - Helwan
Tong Esther,1676137102-716,12924775638,Endocrinologist - El-Haram : Station Mashaal
Tomasz Jin,1676137105-717,11634176264,Gynecologist - Hadayek El-Ahram : z
Tomas Diana,1676137107-718,11407096389,Pediatrician - Alharam street
Tingting Mahmoud,1676137113-719,17943104061,Internist - El-Rehab : Medical Complex 1
Tina Chao,1676137116-720,12236735955,Rheumatologist - Heliopolis : hassan aflaton
Timothy Rong,1676137119-721,14827964915,Dentist - 90 Street
Tim Santosh,1676137121-722,10287777084,Gynecologist - Faisal : King Faisal
Tien Nancy,1676137124-723,9509487663,Dentist - Naguib mahfouz
Tian Musa,1676137127-724,10638926850,Cardiologist - El-Mansoura : el gomhoria street
Thuy Anh,1676137130-725,10729486792,Gynecologist - Shoubra El-Kheima
Thu Omar,1676137132-726,13064575578,Cardiologist - Menouf
Thomas Jennifer,1676137135-727,63309521151,General Surgeon - El-Sheikh Zayed : twin tower -
Thierry Gang,1676137153-728,9213057910,Nutritionist - El-Obour City : 9th district
Therese Yue,1676136864-663,10700386811,Physiotherapist - El-Mansoura
Theresa Claudia,1676136866-664,10084897226,Dermatologist - El-Ibrahimia
Thao Maryam,1676136869-665,11899616124,Orthopedist - 6th of October
Thanh Gloria,1676136872-666,17699474117,Gynecologist - El-Haram
Than Ruth,1676136875-667,11242856482,Dermatologist - Nasr City
Terry Teresa,1676136882-668,10795116751,Psychiatrist - Mahatet El-Raml
Teresa Sanjay,1676136885-669,33275232190,Nutritionist - El-Dokki
Tatyana Na,1676136887-670,45998651584,Pulmonologist - Khamseen Street (Carrefour extension) - Zahraa AlMaadi
Tatiana Nur,1676136890-671,19362873764,"Orthopedist - Ali Amin Street, Al Manteqah Al Oula"
Tara Kyaw,1676136893-672,12002036072,Pulmonologist - El-Dokki
Tania Francis,1676136896-673,12889835654,Pediatrician - El-Dokki : Tahrir Street-infront Of Asad Abn Elfourat mosque
Tamara Amina,1676136899-674,12869085663,Pediatrician - 45205
Tadesse Denis,1676136902-675,11591196287,Ophthalmologist - Nasr City
Ta Stephen,1676136905-676,10328687056,Internist - El-Rehab : Medical Complex 1
Sylvie Sunil,1676136908-677,10483146952,Rheumatologist - Heliopolis : hassan aflaton
Sylvia Gabriel,1676136915-678,11684266237,Dentist - 90 Street
Syed Andrew,1676136919-679,26575992742,Gynecologist - Faisal : King Faisal
Svetlana Eduardo,1676136922-680,44307841645,Dentist - Naguib mahfouz
Sushila Abdullah,1676136925-681,14875484899,Cardiologist - El-Mansoura : el gomhoria street
Susana Grace,1676136928-682,13381335446,Gynecologist - Shoubra El-Kheima
Susan ,1676136931-683,37672871934,Cardiologist - Menouf
Suresh Anastasiya,1676136934-684,27556572645,General Surgeon - El-Sheikh Zayed : twin tower -
Surendra Mei,1676136937-685,12790965697,Nutritionist - El-Obour City : 9th district
Sunita Rafael,1676136942-686,41105781773,Dentist - 45205
Sunil Ricardo,1676136945-687,32395272250,Surgical Oncologist - micheel bakhoum
Sunday Christian,1676136948-688,15419824726,Dermatologist - Miamy : gamal abdelnasser
Sumitra Aleksey,1676136951-689,14518065020,Orthopedist - El-Dokki
Suman Steven,1676136954-690,21870403332,Dermatologist - Aga : elgalaa street
Sultan Gita,1676136957-691,13874805252,Physiotherapist - Banha : El Ashraf Street
Subhash Frank,1676136960-692,11689196234,Dermatologist - Moharam Bek : moharm bek st
Steven Jianhua,1676136963-693,30981782352,Internist - West El-Balad : kasr el neil st
Stephen Mo,1676136966-694,32542992239,Dentist - 6th of October : in front of wadi degla club
Stephanie Karen,1676136968-695,17987074052,Psychiatrist - Faisal
Stella Masmaat,1676136682-630,11730506212,Physiotherapist - El-Mansoura
Stefan Brian,1676136685-631,10066377239,Dermatologist - El-Ibrahimia
Sri Christopher,1676136688-632,64731331126,Orthopedist - 6th of October
Sophie Xiaoyan,1676136691-633,10504426938,Gynecologist - El-Haram
Sonia Rajesh,1676136694-634,28736042536,Dermatologist - Nasr City
Song Mustafa,1676136700-635,13660925335,Endocrinologist - El-Haram : Station Mashaal
Son Eva,1676136703-636,10826416731,Cardiologist - El-Mokattam : Middle Hadaba
Solomon Bibi,1676136706-637,10601976874,Gynecologist - El-Mansoura :  hamza ebn abdelmotleb street
Sofia Monica,1676136719-638,12376175888,Internist - El-Mansoura : abdo maarof street
Smt Oscar,1676136727-639,10375347024,"General Surgeon - Hurghada City : Mohamed Said St. (Metro), El Kawther"
Siti Andre,1676136730-640,51161651424,Gynecologist - El-Dokki : Mosdak Street
Sita Catherine,1676136733-641,19157263804,General Surgeon - El-Sheikh Zayed : twin tower -
Simone Kai,1676136736-642,11168136525,Internist - El-Rehab : Medical Complex 1
Simon Ramesh,1676136742-643,27328412667,Cardiologist - Sporting : Ahmed Allam st from elHorya Road
Sima Liping,1676136745-644,19480653741,Gastroenterologist - Fifth Settlement Medical Center
Silvia Sonia,1676136751-645,25373472872,Cardiologist - El-Mansoura : Marinet Mubarak Madina Monawara st.
Shyam Anthony,1676136755-646,10193477149,Dentist - 6th of October : in front of wadi degla club
Shuang Mina,1676136758-647,14266835108,Psychiatrist - Faisal
Shu Manoj,1676136761-648,13735145306,Internist - Mahalla : Talaat Harb street
Shobha Ashok,1676136764-649,10641336848,Gynecologist - Faisal street
Shiv Rose,1676136767-650,13491755401,Psychiatrist - Mahalla
Shirley Alberto,1676136776-651,13647445340,General Surgeon - El-Agamy : Goweida moftah street
Shila Ning,1676136779-652,9648997553,Internist - El-Dokki
Shigeru Rekha,1676136784-653,12101966022,Dermatologist - Aga : elgalaa street
Sheila Chen,1676136787-654,11200546506,Physiotherapist - Heliopolis : Elmontazah St from ElHegaz St
Sheikh Lan,1676136790-655,9848957399,Dentist - Maadi Ring Road
Sharon Aung,1676136793-656,21870823332,Gynecologist - Hadayek El-Ahram : z
Sharmin Alex,1676136796-657,10812396740,Cardiologist - El-Dokki
Shanti Suresh,1676136799-658,21669493363,Orthopedist - El-Giza : Hamadan
Shanshan Anil,1676136802-659,11263526470,Internist - 6th of October : al mehwar al markzi
Shankar Fatemeh,1676136805-660,15104784825,Dentist - Nasr City
Shan Julio,1676136807-661,19116703812,Internist - 45205
Shakuntala Zhen,1676136813-662,10029387266,Pediatrician - Heliopolis
Shahid ,1676136481-595,10068657238,Physiotherapist - El-Mansoura
Shah Simon,1676136484-596,10827836730,Dermatologist - El-Ibrahimia
Seyyed Paulo,1676136487-597,12614325777,Orthopedist - 6th of October
Serhei Juana,1676136490-598,13470665410,Gynecologist - El-Haram
Sergio Irene,1676136493-599,24953372920,Dermatologist - Nasr City
Sergey ,1676136499-600,57904031259,General Surgeon - Helwan
Sebastian Adam,1676136502-601,10059397245,Gynecologist - Faisal street
Scott Kevin,1676136505-602,16739064354,Internist - Mahalla : Talaat Harb street
Sayed Vijay,1676136508-603,11975566085,Psychiatrist - Mahalla
Savitri Syed,1676136511-604,15193514796,Internist - El-Ibrahimia
Savita Mehmet,1676136537-605,14021235198,Ophthalmologist - El-Zagazig : tolba eweda street infront of salah salem hospital above lcwikiki
Satish Angel,1676136540-606,9365897781,Pediatrician - Alharam street
Saroj Edward,1676136543-607,13261535495,Internist - El-Dokki
Sarita Julia,1676136547-608,13137145547,Gynecologist - Heliopolis
Saraswati Victoria,1676136550-609,9554097628,Internist - Heliopolis : -behind Miliatry College
Sarah Ronald,1676136557-610,48263861510,Dermatologist - Aga : elgalaa street
Sara Cheng,1676136560-611,37653061935,Physiotherapist - Heliopolis : Elmontazah St from ElHegaz St
Santosh Lakshmi,1676136564-612,34602512106,Dentist - Maadi Ring Road
Santos Francisca,1676136570-613,16128874518,Gynecologist - Hadayek El-Ahram : z
Sanjay Veronica,1676136573-614,33186402196,Cardiologist - El-Dokki
Sani Roman,1676136576-615,20009113642,Orthopedist - El-Giza : Hamadan
Sangita Ismail,1676136579-616,14683374963,Internist - 6th of October : al mehwar al markzi
Sangeeta Margaret,1676136582-617,9332357809,Pediatrician - Heliopolis
Sandra Luz,1676136591-618,53147451371,Dentist - El-Dokki : Musadak Street-Infront Of Dunkin Donuts
Sandeep Anne,1676136594-619,9370237777,Urologist - Nasr City : Mostafa elnhas St
Samuel Silvia,1676136600-620,50080961455,Gynecologist - El-Maadi : 9th St.
Samira Kamal,1676136602-621,15290894766,Dentist - Nasr City
Samir Raju,1676136605-622,13185575527,Internist - 45205
Samina Sergio,1676136608-623,10000837287,Surgical Oncologist - El-Mokattam : 9 street
Samia Walter,1676136611-624,9272837859,Cardiologist - El-Mohandessin : Alfawakh St
Sam Lisa,1676136614-625,12125566010,Pediatrician - 6th of October
Salvador Marta,1676136617-626,10130607194,Oncologist - Tanta : El-Geish st.  with Al- Galaa st.- Al-Awkaf  tower
Salma Nadezhda,1676136620-627,23782383064,Nutritionist - Hadayek El-Ahram : first entrance of first gate
Salim Marco,1676136623-628,12739305721,Dentist - Hadayek El-Ahram : El Geish street
Saleh Albert,1676136626-629,23943393044,Dermatologist - El-Maadi : Al Nasr St. - Gazaer Square
Salah Alice,1676136248-585,12538005812,Dentist - El-Mokattam
Sakina Asha,1676136262-586,12077686034,"Dentist - El-Mokattam : Behinde pharmacy college MTI, AlHdba AlWosta"
Said Xiang,1676136269-587,16083694531,Orthopedist - El-Rehab
Sai Isabel,1676136272-588,11924016112,Surgical Oncologist - El-Mokattam : 9 street
Saeed Zainab,1676136274-589,17933504064,Hepatologist - Heliopolis : botrous ghaly street
Sadia Michelle,1676136277-590,12403275876,Dermatologist - Hadayek El-Ahram
Sachiko Long,1676136280-591,10468766961,Dermatologist - Hadayek El-Ahram
Sabrina Michel,1676136283-592,9638357561,General Surgeon - 6th of October : Borie Plaza 1-Elhossary Square
Sabine Pierre,1676136286-593,10937476663,Internist - Imbaba : Elwahda street
Sabina Saleh,1676136289-594,12760875711,Urologist - Fifth Settlement Medical Center
Ryan Haiyan,1676135886-534,12843805674,Physiotherapist - El-Mansoura
Ruth Felix,1676135889-535,33437582179,Dermatologist - El-Ibrahimia
Rustam Salma,1676135892-536,9188567931,Orthopedist - 6th of October
Ruslan Hector,1676135895-537,13780695288,Gynecologist - El-Haram
Ruben Manju,1676135898-538,17758554104,Dermatologist - Nasr City
Roy Jan,1676135905-539,9949717324,Cardiologist - El-Mohandessin : Alfawakh St
Rosemary Roger,1676135908-540,9493497676,Dentist - Hadayek El-Ahram : El Geish street
Rose Joyce,1676135915-541,28508672556,Dentist - El-Haram : Haram
Rosario Margarita,1676135919-542,9959847317,Dentist - El-Zaitoun : Selim Elawal Street-Egypt Air Towers-Above Eltayaran Supermarket
Rosa Joel,1676135922-543,63347231150,Neurosurgeon - Nasr City : ahmad elzumor
Rong ,1676135932-544,34689202101,Infertility Specialist - El-Mokattam
Ronald Jessica,1676135936-545,26124922789,Orthopedist - El-Mohandessin
Roman Lucia,1676135940-546,25565702851,Gynecologist - 151 Street - Horreya Square
Roland Pavel,1676135944-547,10390827013,Nutritionist - Hadayek El-Ahram : first entrance of first gate
Roger Hai,1676135947-548,23423113111,Ophthalmologist - Shibin El-Kom : hakma square
Rodrigo Nadia,1676135954-549,14728684948,Oncologist - Tanta : El-Geish st.  with Al- Galaa st.- Al-Awkaf  tower
Rodolfo Mariya,1676135957-550,11239186484,Dentist - north Teseen ST
Robin Jianping,1676135960-551,11086376573,General Surgeon - 45205
Roberto Jacqueline,1676135965-552,39107121863, - El-Maadi
Robert Halima,1676135967-553,10170794717,Urologist - El-Zagazig : obour bridge next to sawaf restaurant
Rita Nan,1676135970-554,45486611602,Physiotherapist - El-Obour City
Rina Rama,1676135976-555,21138083448,Physiotherapist - El-Rehab
Richard Benjamin,1676135978-556,70559911033,ENT Doctor - 6th of October : Central Axis
Ricardo Rebecca,1676135981-557,31357592324,Dentist - Imbaba
Reza Julie,1676135984-558,10417216996,Cardiologist - El-Maadi
Renu Vera,1676135987-559,10171397165,Neurologist - Shibin El-Kom
Rene Vinod,1676135990-560,17433514180,Gynecologist - Banha : 5 ibn Hagag street
Rekha Kun,1676135992-561,28177662586,Pediatrician - El-Mansoura : 6 october street branched from ahmed maher street
Regina Khalid,1676135995-562,20187993610,General Surgeon - Nasr City
Rebecca Ramon,1676135998-563,22344033262,Neurologist - Nasr City : AbdElhamid awad
Raymond Janet,1676136001-564,18382953964,Urologist - El-Maadi : Elnasr Street
Ravindra Sharon,1676135320-500,10516426930,Physiotherapist - El-Mansoura
Ravi Suman,1676135324-501,16411804440,Dermatologist - El-Ibrahimia
Raul Jane,1676135327-502,20955723478,Orthopedist - 6th of October
Rashid Lihua,1676135329-503,11084506575,Gynecologist - El-Haram
Raquel Shanti,1676135332-504,11816266167,Dermatologist - Nasr City
Ranjit Abubakar,1676135340-505,11032426606,Cardiologist - West El-Balad : el tahreer street
Rani Aisha,1676135343-506,18539733931,Pediatrician - El-Badrashin
Rana Zaw,1676135355-507,11194566510,Gastroenterologist - Faisal : Elatabaa Building Fasil Elnadii St
Ran Jonathan,1676135358-508,10832036728,Andrologist - El-Mansoura
Ramon Paula,1676135361-509,21912013326,Orthopedist - El-Zagazig
Ramesh Bruno,1676135363-510,28826532528,ENT Doctor - El-Mansoura : el mahta square
Rama Monika,1676135371-511,22483873241,ENT Doctor - Faisal : khaled ibn waleed st
Ram Maksim,1676135378-512,57430681269,Physiotherapist - El-Rehab
Rakesh Mamadou,1676135381-513,18453483949,Urologist - El-Zagazig : obour bridge next to sawaf restaurant
Raju Judith,1676135386-514,25021932912,Gynecologist - Nasr City : mostafa elnahas
Rajesh Kenneth,1676135392-515,30208212412,ENT Doctor - 6th of October : Central Axis
Rajendra Mostafa,1676135396-516,20078113630,Dentist - Imbaba
Raja Chris,1676135398-517,13983735211,Cardiologist - El-Maadi
Raj Helen,1676135409-518,20193613609,Neurologist - Shibin El-Kom
Raimundo Nikolay,1676135412-519,10452756972,Pediatrician - El-Mansoura : 6 october street branched from ahmed maher street
Rahul Rina,1676135418-520,14352825077,General Surgeon - Nasr City
Rafael Zhiqiang,1676135426-521,31604112306,Gynecologist - Banha : 5 ibn Hagag street
Radha ,1676135431-522,15592494674,Dentist - 6th of October
Rachel Marcos,1676135433-523,15168034805,Dentist - Heliopolis : Al Hegaz - Heliopolis Square.
Rabia MÃ¡ria,1676135439-524,9924077343,Orthopedist - El-Manyal : manyal street
Qun Norma,1676135442-525,10846046719,Pediatrician - Nasr City
Quan Anton,1676135444-526,14199295132,Endocrinologist - north teseen street
Qiong Raul,1676135447-527,14218755125,"Neurosurgeon - El-Maadi : Sakr Quraysh, Al Bahs Al Genaea"
Qinghua Cristina,1676135451-528,9951977323,Cardiologist - Heliopolis
Qing Xiaohong,1676135454-529,43781701665,Surgical Oncologist - El-Giza : mourad
Qiang .sky-3-multi-701{border:none!important;display:block!important;float:none!important;line-height:0;margin-bottom:15px!important;margin-left:auto!important;margin-right:auto!important;margin-top:15px!important;max-width:100%!important;min-height:250px;min-width:300px;padding:0;text-align:center!important;width:100%},1676135457-530,38366231899,ENT Doctor - 6th of October
Pushpa Henry,1676135460-531,16549754403,Neurosurgeon - 6th of October
Punam Wai,1676135463-532,11774526189,Cardiologist - Janaklees
Priyanka Antonia,1676135466-533,10143527184,Dentist - El-Manyal : Almanial main Street
Prem Betty,1676135044-468,10938776662,Physiotherapist - El-Mansoura
Pramod Alejandro,1676135046-469,12388055883,Dermatologist - El-Ibrahimia
Pramila Nelson,1676135049-470,9933177337,Orthopedist - 6th of October
Prakash Igor,1676135052-471,13449085419,Gynecologist - El-Haram
Pradip Evgeniy,1676135055-472,11600746282,Dermatologist - Nasr City
Piotr Adriana,1676135061-473,14022125197,ENT Doctor - El-Mansoura : el mahta square
Ping Amir,1676135075-474,68782451060,Ophthalmologist - El-Fayoum city : elmsla next to misr for insurance building next to city tower
Pierre Pablo,1676135101-475,24003933036,General Surgeon - Shibin El-Kom : sharaf square dewan tower
Phyo Raj,1676135106-476,10343087046,Gynecologist - El-Shorouk
Phuong Regina,1676135109-477,14212975127,Physiotherapist - Banha : behind mohafza
Philippe Rajendra,1676135112-478,12966055620,Obesity Surgeon - Shibin El-Kom
Philip Brenda,1676135115-479,14016405199,Neurosurgeon - 6th of October
Petra Linh,1676135127-480,14324045088,General Surgeon - El-Zagazig : tolba eweda street
Petr Sani,1676135131-481,11151306535,Rheumatologist - El-Sayeda Zainab : Port Saeed Street
Peter Hussein,1676135135-482,7469320976,Dermatologist - West El-Balad : Mohamed farid - Abdein
Peng Gul,1676135141-483,39076171865,"Neurosurgeon - El-Maadi : Sakr Quraysh, Al Bahs Al Genaea"
Pei Mikhail,1676135144-484,9577937609,Cardiologist - Janaklees
Pedro Jaime,1676135147-485,64460701131,Dentist - El-Manyal : Almanial main Street
Pavel Nicole,1676135150-486,22960133174,Internist - El-Mansoura : kanat el swiss st
Paulo Sima,1676135153-487,27297952670,Dentist - Faisal
Pauline Giuseppe,1676135156-488,12780115702,Ophthalmologist - Heliopolis : hegaz street
Paulina Dinesh,1676135159-489,10577746890,Dermatologist - 10th of Ramadan : Ordinia St.
Paula Tatiana,1676135164-490,21616913371,ENT Doctor - 6th of October
Paul Bernard,1676135167-491,69163491054,Cardiologist - Maadi Ring Road
Patrick Gary,1676135171-492,44246271647,Gynecologist - El-Maadi
Patricia Lijun,1676135180-493,56116841299,Ophthalmologist - Nasr City : Mohamed Radwan ST _ Al Hay Al Asher
Pascal Sita,1676135184-494,12889375654,Dentist - Heliopolis
Parvati Javier,1676135191-495,11109246560,General Surgeon - Shibin El-Kom
Paola Shan,1676135194-496,9903897358,Endocrinologist - north teseen street
Pankaj Hasan,1676135197-497,10443696978,Pediatrician - Nasr City
Pamela Yuliya,1676135204-498,14725404949,Surgical Oncologist - El-Giza : mourad
Pablo Ni,1676135208-499,20284593593,Cardiologist - 6th of October
Pa Moses,1676128321-26,12386155884,Physiotherapist - El-Mansoura
Osman Agnes,1676128327-27,14025535196,Dermatologist - El-Ibrahimia
Oscar Cesar,1676128331-28,29248102492,Orthopedist - 6th of October
Orlando Xiaoli,1676128336-29,11158216531,Gynecologist - El-Haram
Omar Usha,1676128342-30,34230072129,Dermatologist - Nasr City
Om Alfredo,1676128356-31,11258776473,Gynecologist - New Cairo : abdallah ibn salama
Olivier Meng,1676128365-32,10185987154,Pediatrician - Miamy
Olha Jianguo,1676128372-33,11634466264,Orthopedist - El-Maadi :  ElNasr
Olga Kiran,1676128377-34,66248991100,Cardiologist - El-Sheikh Zayed : Twin Towers-Elmehwar Elmarkazi
Oleg Dennis,1676128382-35,13814775275,Cardiologist - El-Maadi : 4 street 100 from street 105 - Horria sq Maadi
Oksana Khaled,1676128388-36,14001275205,Dermatologist - Faisal : king Faisal St -tamimi
O Carol,1676128397-37,12467555845,General Surgeon - Bakos : Moastafa kamel
Nykolai Rani,1676128404-38,15469354711,Orthopedist - El-Haram
Nusrat Yusuf,1676128410-39,10082447228,Orthopedist - 6th of October
Nushi ,1676128416-40,55898624130,ENT Doctor - Heliopolis : Triumph square (Nakhla moteey)
Nurul Xiaoping,1676128430-41,11993216076,Pulmonologist - El-Matareya : Beet El Ezz 2 building - Matareya square - Building A - Third floor
Nur Ha,1676128436-42,33008072208,Psychiatrist - Heliopolis : Esmail Ramzy Street
Nour Rakesh,1676128441-43,11934666106,Dermatologist - El-Manyal : Manial
Norma Isaac,1676128446-44,21011903468,Urologist - El-Zaitoun : salim el-Awal st.
Nora Luiz,1676128452-45,10533966918,Allergist - Faisal : king faisal street
Noor Josephine,1676128457-46,37445061946,Cardiologist - El-Mohandessin : Omar Toson
Noel Krishna,1676128462-47,9321607818,Gynecologist - El-Obour City : Al Obour center
Nirmala Mohamad,1676128467-48,14536085013,Nutritionist - Faisal
Ning Raymond,1676128471-49,28207812584,Orthopedist - Faisal : king faisal
Nina Erika,1676128475-50,14405725059,Oncologist - El-Maadi : ElNasr
Nikolay Blanca,1676133184-352,21221833434,Physiotherapist - El-Mansoura
Nikita Jianjun,1676133187-353,14267605108,Dermatologist - El-Ibrahimia
Nicole Deborah,1676133190-354,19569313724,Orthopedist - 6th of October
Nicolas Amanda,1676133193-355,16004774553,Gynecologist - El-Haram
Nicholas Natalia,1676133196-356,10090327222,Dermatologist - Nasr City
Ni Gladys,1676133202-357,19044293827,Audiologist - Faisal : fisal street
Nguyen Florence,1676133205-358,10235977120,Physiotherapist - El-Maadi : street 287
Ngoc Asma,1676133211-359,10956526651,Dentist - El-Mansoura
Nga Usman,1676133214-360,9612847581,Dentist - Nasr City :  Mohamed Almakreif
Nestor Donald,1676133217-361,9915247350,Dentist - Madinaty : Medical Center
Nelson Lijuan,1676133220-362,20673413525,Ophthalmologist - Hadayek El-Kobba : Abdelgleel street from Ibn Sender
Nathalie Zhi,1676133229-363,12224925961,Gynecologist - El-Haram : Haram Street Nasr eldin Station
Natalya Abdullahi,1676133236-364,43939731659,Psychiatrist - Victoria : Gamal Abdelnaser
Natalia Stephanie,1676133239-365,18219274000,Dentist - El-Haram : 93 el haram street - beside city mall
Nasrin Tingting,1676133243-366,9577607609,Physiotherapist - 6th of October : Central Axis
Nasreen Saeed,1676133251-367,10131777193,Physiotherapist - El-Haram : madkour
Nasir Edgar,1676133254-368,12406475874,Dentist - El-Sheikh Zayed : Beverly Hills-gate 9
Naseem Maya,1676133257-369,12849105672,Dentist - Mahalla : El-shon
Naresh Han,1676133260-370,10260377103,Dentist - El-Haram :  Salam
Narayan Mahdi,1676133272-371,12391305881,Ophthalmologist - Assiut city : Yusri Ragheb St.
Nancy Khadija,1676133276-372,34529182111,Dentist - Nasr City : makram ebeid
Nana Valentina,1676133279-373,11978796084,Dentist - Banha : el safaa
Nan Ruben,1676133285-374,22565143230,General Surgeon - El-Maadi : Al Nasr Street
Nam Tuan,1676133291-375,11890046129,Gynecologist - El-Dokki : El Tahrir st.
Nadia Thanh,1676133295-376,22918573180,Dentist - Nasr City : abo dawood zahry
Nadezhda Jason,1676133299-377,24616632960,Dentist - New Cairo : 90 Street
Nada Ei,1676133301-378,10689976817,Internist - El-Mansoura : Al seka algdeda
Nabil Doris,1676133314-379,11786576183,Orthopedist - Imbaba : Main wehda street
Na Fatoumata,1676133317-380,33157742198,Nutritionist - El-Sheikh Zayed
Myat ,1676133320-381,12023136061,"ENT Doctor - Ain Shams : 70 Khaled Ebn El Waleed st., From Mostafa Hafez st., Beside Zaher, Guesr El Suez st., In front of El Shams club"
Mustapha Darya,1676133322-382,10938556662,Dentist - Faisal : hassan mohamed station-Feisal
Mustafa Rene,1676133330-383,30097042421,Physiotherapist - Shibin El-Kom : Abo Bakr Elsedeek
Musa Cecilia,1676133332-384,34382922120,Dentist - Hadayek El-Ahram : 2nd gate khafra
Munni Umar,1676128616-51,15718184636,Physiotherapist - El-Mansoura
Mukesh Cynthia,1676128621-52,15640124660,Dermatologist - El-Ibrahimia
Muhammed Gustavo,1676128626-53,16924274306,Orthopedist - 6th of October
Muhammad Kim,1676128630-54,26397029276,Gynecologist - El-Haram
Muhamad Lucas,1676128639-55,12583865791,Dermatologist - Nasr City
Moussa Zin,1676128648-56,17074804268,Internist - El-Manyal : Saeed Tho Al fakar Street - branched from El basha square
Mostafa Xuan,1676128652-57,21345423414,Vascular Surgeon - 6th of October : El Mehwar El Markazy
Moses ,1676128658-58,18976583840,Dentist - Heliopolis :  Bridge
Monique Abdo,1676128663-59,13462885413,"ENT Doctor - El-Rehab : Rehab , medical centre 2 , clinic 109"
Monika Moussa,1676128671-60,21566283379,Cardiologist - El-Sheikh Zayed : Twin Towers
Monica Amit,1676128678-61,29253902491,Internist - Nasr City :  ahmed el zomor
Mona Mona,1676128684-62,17069024269,"Gynecologist - El-Agamy : Kilometer 21 square,"
Mohsen Xiaoling,1676128688-63,10371187027,Pediatrician - Nasr City : Mostafa nhas St
Mohan Dilip,1676128691-64,16299674471,ENT Doctor - El-Mokattam : 9 S.t
Mohammed Caroline,1676128695-65,45652154160,"Plastic Surgeon - Sporting : Port Saeid St.,"
Mohammad An,1676128710-66,16782433434,Oncologist - El-Haram
Mohamed Tun,1676128719-67,24517684297,Dentist - 6th of October : omrania tanua
Mohamad Muhammed,1676128725-68,18403693960,Cardiologist - West El-Balad :  Mohamed farid
Mo Claude,1676128728-69,30532332387,Cardiologist - El-Agamy : Alrxandria- matrouh road
Miriam Elisabeth,1676128732-70,15040154845,Orthopedist - Nasr City
Mira Yuanyuan,1676128737-71,15140064813,Urologist - Heliopolis : bagdad st.
Minh Beatrice,1676128743-72,10803516746,Ophthalmologist - Nasr City : mostafa el nahhas street
Ming Edwin,1676128749-73,52157091397,Rheumatologist - El-Zagazig : vilal gamaa street next to madina mosque
Mina Xiaodong,1676128761-74,28665062542,Urologist - El-Mohandessin :  shehab street
Min Hung,1676128767-75,7958072916,Dermatologist - El-Maadi :  El Horya Square
Mikhail Kristina,1676128771-76,19682133703,Cardiologist - El-Sheikh Zayed : Twin Towers-Elmehwar Elmarkazi
Mike Scott,1676128779-77,10692476816,Vascular Surgeon - El-Manyal : El Manyal
Miguel Christina,1676128784-78,50707391437,Gynecologist - El-Obour City : Al Obour center
Michelle Ajay,1676129486-99,24134153020,Physiotherapist - El-Mansoura
Michele Alina,1676129490-100,12409275873,Dermatologist - El-Ibrahimia
Michel Denise,1676129495-101,24106343023,Orthopedist - 6th of October
Michael Matthew,1676129500-102,11471765635,Gynecologist - El-Haram
Mi Vladymyr,1676129511-103,9415807740,Dermatologist - Nasr City
Mercy Daniela,1676129545-104,14839984911,Dentist - Heliopolis :  Bridge
Mercedes Pushpa,1676129548-105,12104716020,Vascular Surgeon - Faisal :  Faisal
Meng Joan,1676129555-106,18801943876,Internist - Nasr City :  ahmed el zomor
Melissa Leonardo,1676129559-107,14200345132,"Gynecologist - El-Agamy : Kilometer 21 square,"
Melanie Aleksandra,1676129566-108,11234866487,ENT Doctor - El-Mokattam : 9 S.t
Mei Ravi,1676129572-109,31657172302,Cardiologist - West El-Balad :  Mohamed farid
Mehmet Virginia,1676129582-110,26445482756,Dermatologist - El-Obour City : Alsadat St.
Maya Hamid,1676129590-111,17921704066,Psychiatrist - El-Mansoura : Hussein bek street in front of family regulation office
Maurice Alain,1676129598-112,9519777655,Pediatrician - Miamy
Matthew AntÃ³nio,1676129604-113,16628014383,Orthopedist - Faisal
Masoumeh Lyubov,1676129615-114,11631246265,Gynecologist - New Cairo : abdallah ibn salama
Masmaat Xiaoming,1676129619-115,30300342405,Internist - El-Rehab : el sadat axis-The corner mall
Masako Alicia,1676129626-116,10149367180,Pediatrician - New Cairo : 3rd block
Maryia Mohan,1676129630-117,15712184638,Psychiatrist - trablous
Maryam Hans,1676129634-118,33775252158,Andrologist - 6th of October : 4th District - 3rd Neighborhood
Mary Xing,1676129639-119,11303767645,Orthopedist - 6th of October
Marwa Ann,1676129642-120,11144566539,General Surgeon - Shoubra El-Kheima : ElSharea ElGded
Martine Laoshi,1676129649-121,10126097197,Ophthalmologist - New Cairo
Martina Santos,1676129656-122,12879985658,Neurologist - Shoubra El-Kheima : 15 may street across the new street
Martin Di,1676129659-123,44951261621,Nutritionist - El-Matareya : El horeya street
Martha Said,1676129662-124,42327011722,Rheumatologist - Nasr City : Gafar Elsadek st branched from eltayaran
Marta Haji,1676129665-125,24748542945,Internist - El-Maadi : 77 St.
Marlene Nicolas,1676129669-126,11216116497,Cardiologist - Heliopolis
Mark Felipe,1676129674-127,45923301587,Pediatrician - Faisal : king  Faisal taawon
Mariya ,1676129678-128,22861363188,Andrologist - Faisal
Mario Amal,1676129684-129,46608781564,Urologist - Shoubra : 15 may street
Marina Bekele,1676129691-130,40492981800,Nutritionist - El-Mansheyah : Hamam El Warsha
Marilyn Donna,1676129842-131,9702537511,Physiotherapist - El-Mansoura
Marie Dina,1676129846-132,8017245909,Dermatologist - El-Ibrahimia
Marianne Hugo,1676129850-133,9462547701,Orthopedist - 6th of October
Mariana Yolanda,1676129855-134,13473385409,Gynecologist - El-Haram
Mariama Laxmi,1676129864-135,10976616639,Dermatologist - Nasr City
Mariam Munni,1676129877-136,37033911968,Hepatologist - Faisal : Faisal
Maria Maryia,1676129889-137,61134526119,Orthopedist - Ain Shams
Margarita Beatriz,1676129895-138,23267973132,Rheumatologist - El-Haram :  Abo emera street
Margaret Urmila,1676129899-139,25527582855,Ophthalmologist - El-Maadi : 153
Marcos Mukesh,1676129903-140,21080943457,Physiotherapist - El-Maadi : 9
Marco Brigitte,1676129911-141,24522912972,Dermatologist - El-Obour City : Alsadat St.
Marcin Radha,1676129916-142,10060027244,Psychiatrist - El-Mansoura : Hussein bek street in front of family regulation office
Marcia Evelyn,1676129922-143,10659676837,"Ophthalmologist - Shoubra El-Kheima : 15 mayo"" ElshareEl gedidi """
Marcelo Emma,1676129927-144,14797464925,Gynecologist - El-Ibrahimia
Marcel Kenji,1676129935-145,12070956037,Pediatrician - Miamy
Marc Galina,1676129944-146,12775675704,Internist - El-Rehab : el sadat axis-The corner mall
Manuela Diego,1676129951-147,11886386131,Pediatrician - New Cairo : 3rd block
Manuel Viktor,1676129958-148,54337741341,Oncologist - El-Haram
Manoj Arun,1676129961-149,28624422546,Orthopedist - El-Maadi :  ElNasr
Manoel Alexandra,1676129971-150,13535615384,Nephrologist - Faisal : Faisal street
Manju Alfred,1676129976-151,23616363086,"ENT Doctor - El-Rehab : Rehab , medical centre 2 , clinic 109"
Manfred Chun,1676129980-152,10662556835,Urologist - Heliopolis : bagdad st.
Man Huan,1676129986-153,13013505600,"Plastic Surgeon - Sporting : Port Saeid St.,"
Mamta Nykolai,1676129989-154,12108746018,Vascular Surgeon - 6th of October : El Mehwar El Markazy
Mamadou Louis,1676129994-155,21458843396,Cardiologist - El-Sheikh Zayed : Twin Towers
Maksim Armando,1676130015-156,21553703381,ENT Doctor - El-Mohandessin
Mai Sunday,1676130022-157,13064965578,Cardiologist - Heliopolis
Mahmoud Vincent,1676130029-158,34837142092,Dentist - Heliopolis :  Bridge
Mahesh Edith,1676130036-159,14443295046,Psychiatrist - Hadayek El-Kobba : Masr El-Soadan
Mahendra Jingjing,1676130043-160,12646875762,Internist - El-Maadi : algazerr
Mahdi Samira,1676130049-161,17867044079,Ophthalmologist - New Cairo
Maha Zhiyong,1676130054-162,10122017200,Pediatrician - Faisal : king  Faisal taawon
Magdalena Alan,1676130060-163,14944694876,Vascular Surgeon - Faisal :  Faisal
Madina Hiroshi,1676130068-164,10993346629,Ophthalmologist - Nasr City : mostafa el nahhas street
MÃ¡ria Gabriela,1676130075-165,21049943462,Internist - Nasr City :  ahmed el zomor
Ma Savitri,1676130167-166,11062986587,Physiotherapist - El-Mansoura
Lyudmyla Rachel,1676130174-167,10322357060,Dermatologist - El-Ibrahimia
Lyudmila Adrian,1676130180-168,14971054868,Orthopedist - 6th of October
Lyubov Mira,1676130187-169,16349644457,Gynecologist - El-Haram
Lydia Shankar,1676130196-170,12726775726,Dermatologist - Nasr City
Lwin Carla,1676130209-171,11911346118,ENT Doctor - Faisal
Luz Miriam,1676130216-172,25521662855,Neurologist - El-Abbasia : Abdou Pacha Sq.
Luiz Gopal,1676130222-173,18447883950,Gynecologist - 6th of October : the central axis
Luisa Yanping,1676130228-174,13072285575,Ophthalmologist - El-Maadi : 153
Luis Lyudmila,1676130233-175,9757245747,Internist - El-Mandara : Mohamed Hassanin Hiekel
Lucy Lalita,1676130239-176,12839435676,Hepatologist - Faisal : Faisal
Luciano Magdalena,1676130249-177,9839057407,Orthopedist - Sidy Gaber : Elhoreia
Lucia ,1676130254-178,22975003172,Gynecologist - El-Sheikh Zayed : Medical Hub Center-Khameal City-Gate 2-Infront of Hyperone
Lucas Xiaohua,1676130261-179,17232464229,Gastroenterologist - Ain Shams
Louise Anwar,1676130265-180,11798296177,Urologist - El-Marg : Ahmed sediq
Louis Sushila,1676130276-181,15446574718,Gastroenterologist - Sidy Gaber : Portsaif
Lorena Jianming,1676130282-182,9283547850,Neurologist - El-Haram : Terat Al Zomir Street
Long Amy,1676130290-183,24128853020,ENT Doctor - El-Maadi
Liying Mercy,1676130296-184,9442197718,Orthopedist - Ain Shams
Lixin Timothy,1676130301-185,9853897396,Dermatologist - 6th of October : elmahwar el markazi
Lisa Irma,1676130305-186,24849552933,Rheumatologist - El-Haram :  Abo emera street
Liping Xiaofeng,1676130311-187,28769052533,Pulmonologist - El-Haram : Al Haram street -
Linh Marcelo,1676130315-188,20034463638,"Gynecologist - El-Rehab : Medical center 2 ,  El Rehab City"
Lingling Abdel,1676130323-189,10063597241,Gastroenterologist - El-Giza : el gamaa Street
Ling Karim,1676130330-190,49689571467,Internist - El-Haram : El haram St.
Linda Rodrigo,1676130348-191,40581421796,Psychiatrist - El-Haram : Naser althora
Lina Pamela,1676130359-192,11533666319,Gynecologist - El-Rehab : medical park elite next to city square
Lin Sangita,1676130364-193,68666101061,Pulmonologist - El-Maadi
Liming Agus,1676130369-194,10959026650,Orthopedist - 6th of October : 71 fadan
Liliana Weidong,1676130375-195,10353327039,"ENT Doctor - El-Rehab : Rehab , medical centre 2 , clinic 109"
Lilian Jerry,1676130380-196,11240616483,Urologist - Heliopolis : bagdad st.
Lila Jacques,1676130386-197,9237577889,Dermatologist - Heliopolis : El Merghany
Lijun Jeanne,1676130392-198,19275283781,Cardiologist - El-Sheikh Zayed : Twin Towers
Lijuan Joy,1676130580-199,18015714045,Physiotherapist - El-Mansoura
Lihua Ganesh,1676130586-200,21719463355,Dermatologist - El-Ibrahimia
Lihong Ingrid,1676130591-201,10850256716,Orthopedist - 6th of October
Lidia Nirmala,1676130595-202,13091485567,Gynecologist - El-Haram
Li Sumitra,1676130603-203,13166162554,Dermatologist - Nasr City
Leticia Juliana,1676130616-204,12486725836,Physiotherapist - Heliopolis : abu bakr el sedeek saffir sqaure
Leonardo Mahesh,1676130622-205,16500304417,Plastic Surgeon - El-Ibrahimia : abokeir road
Leonard Nina,1676130628-206,9731337489,General Surgeon - Faisal
Leila Xiaojun,1676130633-207,13019935597,Internist - Heliopolis
Lei Viktoriya,1676130640-208,7902269922,"Dentist - 8th district, Above Ragab's Sons s market - mall five stars 2 new floor"
Lee Rahul,1676130647-209,12623645773,Gynecologist - Nasr City : ahmed elzomr
Le Petra,1676130655-210,11367686411,Dentist - Nasr City : Abu Dawood Al-Zahery
Laxmi Zhiming,1676130660-211,15753764626,Cardiologist - Ain Shams : Seha street
Lawrence Nikita,1676130666-212,10730436791,Internist - Beverly Hills
Laura Shuang,1676130671-213,40714631790,General Surgeon - El-Mansoura
Larry Yasmin,1676130685-214,14165465145,Gynecologist - Hadayek El-Ahram : zen
Laoshi Chi,1676130693-215,16137224516,Dentist - New Cairo : North
Lan Yin,1676130699-216,28093892594,Cardiologist - El-Haram : Al Haram street
Lalita Qiong,1676130705-217,14949504875,Cardiologist - El-Agamy : -salah el awdy st.
Lal AyÅŸe,1676130712-218,10719486798,Internist - 6th of October : nagda square
Laksmi Phuong,1676130717-219,9580527607,Urologist - El-Marg : Ahmed sediq
Lakshmi Melissa,1676130721-220,25705582835,Gastroenterologist - Ain Shams
Laila Quan,1676130726-221,10449146974,Internist - El-Zagazig
Kyaw Wilson,1676130731-222,32993412209,Ophthalmologist - El-Maadi : 153
Kun Trang,1676130739-223,22058673304,Gynecologist - 6th of October : the central axis
Kseniya Jeffrey,1676130743-224,10182017157,Internist - El-Mandara : Mohamed Hassanin Hiekel
Krzysztof Giovanni,1676130747-225,9836927408,Internist - Smouha : Victor Ammanuel St.
Kristina Larry,1676130751-226,16800774338,Physiotherapist - El-Maadi : 9
Krishna Hang,1676130755-227,18429763954,Cardiologist - El-Maadi : Horreya Square
Konstantin ,1676130758-228,12907175646,Gastroenterologist - Sidy Gaber : Portsaif
Klaus Elias,1676130760-229,10833966727,Neurologist - El-Haram : Terat Al Zomir Street
Kirill Zhigang,1676130764-230,9508407664,ENT Doctor - El-Maadi
Kiran Adama,1676130768-231,18686223900,Orthopedist - Ain Shams
Kimberly Jamila,1676130771-232,9846447401,Dermatologist - 6th of October : elmahwar el markazi
Kim Kelly,1676130774-233,17267244220,Orthopedist - Sidy Gaber : Elhoreia
Khalid Osman,1676130778-234,21977563316,Gynecologist - El-Sheikh Zayed : Medical Hub Center-Khameal City-Gate 2-Infront of Hyperone
Khaled Piotr,1676130781-235,18635793911,Rheumatologist - El-Haram :  Abo emera street
Khadija Savita,1676130784-236,17858214081,Pulmonologist - El-Haram : Al Haram street -
Kevin Xiaoying,1676131653-237,26881222711,Physiotherapist - El-Mansoura
Kenneth Philip,1676131655-238,21366713411,Dermatologist - El-Ibrahimia
Kenji Oksana,1676131658-239,15540414689,Orthopedist - 6th of October
Ken Raja,1676131661-240,9305257832,Gynecologist - El-Haram
Kelly Dorothy,1676131664-241,14032345193,Dermatologist - Nasr City
Keith Zhiwei,1676131673-242,10618656863,Dentist - Nasr City : Afracia street-extention of mostafa elnahas street-9 th zone-after PIZZA HUT restaurant
Kavita Sultan,1676131677-243,12390665881,"Dentist - 8th district, Above Ragab's Sons s market - mall five stars 2 new floor"
Katsumi Ernesto,1676131681-244,9906167357,Dentist - Nasr City : Abu Dawood Al-Zahery
Kathy Jianfeng,1676131684-245,9928857340,Dentist - New Cairo : North
Kathleen Xiaohui,1676131687-246,12088066029,Psychiatrist - El-Mansoura : Hussein bek street in front of family regulation office
Katarzyna Xiaomei,1676131690-247,9664827540,Internist - 6th of October : nagda square
Kassa Oleg,1676131694-248,9946957326,Urologist - El Minya City : Elgomhorya street
Karl Joe,1676131698-249,12120236013,"Gynecologist - El-Sheikh Zayed : Twin Towers, 26 July Corridor"
Karina Ruslan,1676131701-250,12552875805,Andrologist - Assiut city : Al Helaly
Karin Shu,1676131704-251,13048055585,Cardiologist - El-Haram : Al Haram street
Karim Diane,1676131713-252,14776654932,"Nutritionist - 10 Mohamed Awad st, branched from Makram Ebeid"
Karen Andres,1676131716-253,30490832390,Cardiothoracic Surgeon - El-Mansoura : gehan st
Kamla Song,1676131720-254,10989816631,"Dentist - El-Mokattam : central Street, from 9 street"
Kamala Shirley,1676131723-255,9561007622,Cardiologist - New Cairo : Next to Al baraka Mall
Kamal Hongmei,1676131726-256,25193972893,Vascular Surgeon - El-Ibrahimia : portsaid
Kalpana Adamu,1676131730-257,11173606522,Physiotherapist - Helwan : mohamed sayed ahmed street with rayel street
Kailash Dung,1676131733-258,9288927845,Pediatrician - Ain Shams
Kai Manoel,1676131736-259,29064292507,Pediatric Surgeon - El-Ibrahimia : port Said
Ka Xuemei,1676131740-260,10902806684,Internist - El-Abbasia : sergany st-abdo basha
Jyoti Justin,1676131743-261,12781255702,Internist - El-Mohandessin : El Kawser street
Justin Shiv,1676131841-262,13527745387,Physiotherapist - El-Mansoura
Junjie Enrique,1676131844-263,10833636727,Dermatologist - El-Ibrahimia
Julius Mariana,1676131848-264,9554707627,Orthopedist - 6th of October
Julio Serhei,1676131851-265,27389082661,Gynecologist - El-Haram
Julie Monique,1676131855-266,22337683262,Dermatologist - Nasr City
Juliana Vanessa,1676131863-267,14480095033,Internist - El-Sheikh Zayed : -Badr Eldeen Mall
Julia Prakash,1676131866-268,26339462767,Dentist - El-Zaitoun : selem el awl
Judy Jitendra,1676131870-269,10122867199,Gynecologist - Shoubra :  Al Taraa Al Bolaqiea
Judith Dan,1676131873-270,21399003406,ENT Doctor - Heliopolis : gesr suez
Juana Dominique,1676131876-271,27201782679,Dentist - Tanta : Saad Zaghlool square-loaloa Tanta Tower-Above eltwheed w elnoor
Juan Susana,1676131881-272,11372603641,ENT Doctor - 6th of October : Prima-vista medical center
Joyce Annie,1676131884-273,23339273122,Neurologist - El-Dokki : El Tahrir St.
Joy Douglas,1676131894-274,14617034986,Ophthalmologist - Heliopolis : Aboubakr Elsedik street-Safeer Square-Above ezz Eldeen pharmacy
Joshua Saroj,1676131898-275,12644215764,Gynecologist - El-Haram : El talateny elgded of ezz el din omar
Josephine Ahmet,1676131902-276,18440313952,Dentist - El-Mokattam :  Al Eman Mosque
Joseph Bashir,1676131911-277,8630833844,Gynecologist - Sidy Bishr : Gamal abelnasser st.
Josefina .narrow-sky-1-multi-707{border:none!important;display:block!important;float:none!important;line-height:0;margin-bottom:15px!important;margin-left:auto!important;margin-right:auto!important;margin-top:15px!important;max-width:100%!important;min-height:250px;min-width:250px;padding:0;text-align:center!important;width:100%},1676131916-278,10056807246,Dentist - El-Sheikh Zayed : Twin Towers-Damas Dental Center
Josefa Elsa,1676131920-279,12396025879,Cardiologist - Assiut city : Youssry Ragheb St.
Josef Samir,1676131924-280,12516265822,Internist - El Minya City
Jose Abbas,1676131934-281,29946427243,Dentist - Hadayek El-Ahram : Ahmed Bedeer
JosÃ© Aya,1676131939-282,10290417082,Nutritionist - Helwan : riad
Jorge Sarita,1676131943-283,62491731166,Nutritionist - Helwan : mouhamed sayed ahmed street/rayel stret
Jonathan Chunyan,1676131946-284,21643063367,Physiotherapist - Faisal : el arabeen elmaskeen
John Lidia,1676131953-285,14323797509,Dentist - El-Maadi : street 108
Joel Guillermo,1676131956-286,23043523163,Physiotherapist - West El-Balad : Adly
Joe Jinhua,1676131964-287,13789295285,Physiotherapist - Heliopolis : abu bakr el sedeek saffir sqaure
Joaquim Luisa,1676131967-288,9554737627,Gynecologist - Hadayek El-Ahram : zen
Joao Mai,1676131970-289,46272521575,Plastic Surgeon - El-Ibrahimia : abokeir road
Joanna Thu,1676131973-290,10495776943,Dermatologist - Heliopolis : El Khalifa El Mamoun street
Joan Karin,1676131977-291,16524784410,General Surgeon - Faisal
Jitendra Hongwei,1676131980-292,13425905428,Internist - Heliopolis
Jinhua Andreas,1676131983-293,13073575574,Pediatrician - Ain Shams
Jingjing Leila,1676131986-294,15304684762,Internist - Beverly Hills
Jin Weiwei,1676131989-295,35572882049,Physiotherapist - Helwan : mohamed sayed ahmed street with rayel street
Jimmy Man,1676131992-296,10580586888,Internist - El-Abbasia : sergany st-abdo basha
Jim Helena,1676132964-312,11317516439,Physiotherapist - El-Mansoura
Jianzhong Philippe,1676132967-313,11861736144,Dermatologist - El-Ibrahimia
Jianxin Vicente,1676132970-314,12074926035,Orthopedist - 6th of October
Jianwei Dongmei,1676132972-315,10481126953,Gynecologist - El-Haram
Jianping Tong,1676132975-316,22777053200,Dermatologist - Nasr City
Jianming Konstantin,1676132985-317,14870104901,Dentist - El-Manyal : Manial Museum Street
Jianmin Tania,1676132989-318,10755656776,Dentist - El-Haram : Ezz El-Deen Omar Arish station Behind misr Bank
Jianjun Pascal,1676132992-319,18351323971,Dentist - El-Sheikh Zayed : Beverly Hills-gate 9
Jianhui Aziz,1676132995-320,9200117921,Dentist - Nasr City : Makram Abeid
Jianhua Martina,1676133000-321,30665312376,Dentist - El-Shorouk : grand mall third east expansions
Jianguo Fred,1676133003-322,18706603896,General Surgeon - El-Mansoura
Jianfeng Tamara,1676133005-323,13836245267,Dentist - El-Shorouk : main road (Gate 1 ismallia road)
Jesus Tony,1676133008-324,37821651927,Surgical Oncologist - El-Maadi : EL Laselky street-beside Moamen square
Jessica Naseem,1676133016-325,23011443167,Dentist - Nasr City : abo dawood zahry
Jerry Ryan,1676133019-326,14633004980,Gynecologist - El-Dokki : El Tahrir st.
Jenny Lucy,1676133042-327,10696376813,Dentist - Heliopolis : othman ibn affan- Ismailia square
Jennifer Surendra,1676133045-328,34148452134,Dentist - El-Sheikh Zayed : elshabab
Jeffrey Jyoti,1676133048-329,14175805141,Gynecologist - Hadayek El-Kobba : Elgrash
Jeff Pauline,1676133050-330,11652556254,Internist - El-Mansoura : Al seka algdeda
Jeanne Marc,1676133054-331,14620724984,Orthopedist - Imbaba : Main wehda street
Jean Zhihua,1676133058-332,11024162661,Nutritionist - El-Sheikh Zayed
Jay Sabina,1676133061-333,11960676093,"ENT Doctor - Ain Shams : 70 Khaled Ebn El Waleed st., From Mostafa Hafez st., Beside Zaher, Guesr El Suez st., In front of El Shams club"
Javier Guadalupe,1676133064-334,19123653811,"Pulmonologist - 6th of October : 7th distric, 1st neigborhood"
Jason Salim,1676133067-335,17649984129,Dentist - Faisal : hassan mohamed station-Feisal
Janet Amar,1676133073-336,21891393329,Internist - Faisal : King Faisal street
Jane Lydia,1676133076-337,21852693335,Physiotherapist - Hadayek El-Ahram : District G First Gate
Jan Mahendra,1676133086-338,23536573096,Dentist - El-Rehab : Medical Center 3 clinic 209
Jamila Joshua,1676133089-339,14048245188,Dentist - El-Maadi : 233
James Guoqiang,1676133093-340,8807695827,Ophthalmologist - New Cairo : Mostafa kamel
Jamal Lee,1676133096-341,11907666120,Dentist - Mahalla : Al Fareek Reda Hafez st.
Jaime Seyyed,1676133099-342,19679613703,Orthopedist - El-Haram : khatam Al Morsalen Street
Jacques ,1676133101-343,14632994980,Vascular Surgeon - Bakos : elhelal nady str
Jacqueline Ayesha,1676133104-344,22763293201,Gynecologist - El-Dokki : El Tahrir street
Jacob Muhamad,1676133107-345,11390406398,Dentist - New Cairo : medical park 1
Jack Karina,1676133110-346,11015546616,Dentist - El-Sheikh Zayed : Downtown mall
Ivan Salah,1676133113-347,38937801872,ENT Doctor - 6th of October : Prima-vista medical center
Issa Ilya,1676133116-348,9256477873,Dentist - Nasr City : Afracia street-extention of mostafa elnahas street-9 th zone-after PIZZA HUT restaurant
Ismail Josef,1676133119-349,25552572852,Internist - El-Sheikh Zayed : -Badr Eldeen Mall
Isabelle Leticia,1676133122-350,10310547068,Physiotherapist - Helwan
Isabel O,1676133125-351,24239133007,Neurologist - El-Dokki : El Tahrir St.
Isaac Aicha,1675614263-68,18453133949,Pediatrician - El-Badrashin : Athar Saqara
Irina Sadia,1675614226-62,40740381789,General Surgeon - El-Agamy : Alex Matrouh Road-Abo Youssef-Besides Elsaberen Mosque
Ingrid Narayan,1675614251-66,14590024995,Ophthalmologist - Banha : Saad Zaghloul Street - Anani Tower
Iman Pramod,1675614239-64,11914736116,Phoniatrician - El-Shorouk : Al shorouk
Igor Sofia,1675614269-69,20512913553,Gynecologist - Assiut city : thabet Street
Ida Hari,1675614165-53,10042627257,Pulmonologist - El-Mansoura : Gehan
Ibrahim Alexey,1675614153-51,7488578973,Ophthalmologist - El-Amreya : Elamreya
Ian Blessing,1675614196-58,11735446210,"Pulmonologist - El-Zagazig : Salah salem Clinics,,Salah Salem St"
Huy Hossein,1675614177-55,11293286453,Nutritionist - Nasr City : nasr st
Hussein Tina,1675614190-57,19920293658,Vascular Surgeon - Hadayek El-Kobba : misr wa alsudan
Huong Claudio,1675614160-52,9309297828,Nutritionist - Shibin El-Kom : Abdelkhalek Street from Assem Hama Street
Hung Nathalie,1675614202-59,16824014332,Pediatrician - El-Mansoura : Elgendy Tower fromGehan El Sadat Street
Huimin Arthur,1675614184-56,10042297257,Pediatrician - Damanhur : abd elsalam el shazly
Hugo Xiaoyu,1675614171-54,15781174618,Rheumatologist - Nasr City :  Elnozha st.
Hossein Karl,1675614116-46,12255235946,Gynecologist - El-Maadi : Kornish Maadi street
Hongmei Shigeru,1675614078-40,13630035347,Obesity Surgeon - Heliopolis : Hassan Sadek from elmarghany street
Hong Kathleen,1675614092-42,8151369894,Oncologist - Tanta : The intersection of Al Bahr Street with Al Khan
Hoang Farida,1675614085-41,9834637410,Dentist - Shoubra : Solwans St from Shoubra st - menyt elserg
Hiroshi Sakina,1675614110-45,15225584786,Gynecologist - El-Rehab : The Fount Mall North investors
Hieu Marcel,1675614016-31,9777387453,Plastic Surgeon - Stanley : El- Gaish Roaf
Herbert Yvan,1675614041-35,10187267154,Gynecologist - Smouha :  Fawzy Moaz
Henry Guohua,1675614029-33,20886273489,Plastic Surgeon - Hadayek El-Kobba : lotfy el sayed
Helga Myat,1675614022-32,9450977711,Dentist - Bahary : safr basha
Helen Tara,1675614054-37,21250003429,General Surgeon - El-Zagazig : Elmahad Eldeny street
Heinz Francesco,1675614048-36,9410727744,Cardiologist - Tanta : Segar St
Hector Nurul,1675614060-38,23623503085,Pediatrician - Nasr City : anwar elmofty
Heather Sayed,1675614009-30,9424557733,Gynecologist - El-Sheikh Zayed : Khamael City-gate 4-administration gates-infront of GLOURS School
Hans Sai,1675613997-29,16291454473,Endocrinologist - Heliopolis : Cleopatra St
Hanan Lwin,1675613960-23,10177677160,Nutritionist - Sidy Gaber : Super Jet Square Street
Han Thao,1675613966-24,17898614072,Orthopedist - Roshdy : Elhoreya street-Roshdy
Halyna Manuela,1675630721-154,9396327756,Gynecologist - Mahalla : shon
Halima Jianzhong,1675631620-204,22601433224,Gynecologist - Mahalla : shon
Haiyan Uma,1675630701-150,23891233050,Nutritionist - El-Sheikh Zayed : Elmehwar Elmarkazi
Haitao Louise,1675631596-200,9342337801,Nutritionist - El-Sheikh Zayed : Elmehwar Elmarkazi
Habiba Hilda,1675630731-156,10704456808,Dentist - Nasr City : EL Nasr ST
Habib Punam,1675631630-206,10382557019,Dentist - Nasr City : EL Nasr ST
Ha Abdoulaye,1675630726-155,18458483948,Internist - New Cairo : S. Teseen
Guy Wendy,1675631625-205,10614466866,Internist - New Cairo : S. Teseen
Gustavo Ian,1675630736-157,17333364204,Cardiologist - El-Sheikh Zayed : District 12 Courtyard zayed
Guohua Valerie,1675631635-207,12039756053,Gynecologist - El-Mansoura : Elnour Tower-Salah Salem Street-Talkha
Gul Eman,1675630711-152,19855423670,Ophthalmologist - El-Shorouk : Panorama Mall Street
Guillermo Subhash,1675631608-202,13089715567,Ophthalmologist - El-Shorouk : Panorama Mall Street
Grace Carolina,1675630671-146,32002722277,General Surgeon - Shibin El-Kom : gamal abdelnaser bahary street
Gopal Olha,1675631560-196,15013674854,General Surgeon - Shibin El-Kom : gamal abdelnaser bahary street
Giovanni Pradip,1675630640-140,14167065144,Orthopedist - Nasr City : Osman Buildings-Ali Amin Street Extension Of Mostafa Elnahas Street-Above Seventh District Post Office
Gilberto Tadesse,1675631526-190,10048107253,Orthopedist - Nasr City : Osman Buildings-Ali Amin Street Extension Of Mostafa Elnahas Street-Above Seventh District Post Office
Gilbert Andrei,1675630645-141,11383646402,Nutritionist - Birket El Sabea : western side
Ghulam Adel,1675631532-191,40172751814,Nutritionist - Birket El Sabea : western side
Gerald Clara,1675630655-143,11381756403,Pediatric Surgeon - El-Haram : Al Haram street In front of Gad
George Lina,1675631538-192,39500111845,Pediatric Surgeon - El-Haram : Al Haram street In front of Gad
Gang Cong,1675631505-187,34028732142,Plastic Surgeon - New Cairo : North Teseen
Ganesh Tomas,1675631465-179,14600314991,Gynecologist - Nasr City : Ibn el nafees street
Fred Gilbert,1675631475-181,12873725661,Cardiologist - Faisal : faisal street
Frank Gerald,1675631501-186,30829952364,Gynecologist - Boulaq El Dakrour : Mohamed Ibrahim Street-At the intersection of nahya street
Francisca Jim,1675631470-180,25654142841,Oncologist - El-Mansoura : hussen bek street
Francesco Huy,1675631438-175,12000266073,Gynecologist - Smouha : Bahaa Eldin Elghatwary Street-
Florence Hamza,1675631417-172,18161094013,Dentist - 6th of October : Prima Vista Medical-Elmehwar Elmarkazi
Fernando Shanshan,1675631404-170,35694352042,Dentist - Nasr City : EL Nasr ST
Fatma Francois,1675631425-173,36044852022,Pediatrician - Shibin Al Qanater : Old Labor Office Street
Fatima Rodolfo,1675631431-174,72515771005,Orthopedist - Mahalla : El Bahr.Alshoun
Farzana Dipak,1675633974-325,11123016552,"Gastroenterologist - Heliopolis : Nehro,Heliopolis"
Faisal Gerardo,1675633965-322,9826827416,Physiotherapist - Nasr City :  Metwally elsharawy
Enrique Parvati,1675633953-320,13474865408,Ophthalmologist - El-Mansoura : streert beside El Adeeb street
Elias Yuhua,1675634886-366,14149275150,Dentist - Smouha : el Nasr street
Elena Madina,1675634880-364,8516023856,Cardiologist - Damietta El Gadeeda : mahgoub street
Elaine Kamla,1675613835-5,9472657693,Anesthesiologist - Tanta : Botros
Ekaterina Fabio,1675613841-6,38755131880,Gynecologist - Faisal : Ahmed esmail street branched from Kaaebesh Street-besides Sayed Elsherbiny Beauty Center
Ei Mariama,1675613853-8,17638944132,Dentist - Loran : El Horreya Street
Edwin Liming,1675613820-3,16871004320,Gynecologist - El-Haram : Elharam
Edward Ngoc,1675613859-9,26365842764,Pediatrician - El-Shorouk : Panorama Mall Street
Eduardo ,1675613808-1,32126392268,Physiotherapist - El-Mansoura : Gomhoria
Edith Prem,1675613814-2,15365304743,Dermatologist - El-Ibrahimia : Lagatia Street
Durga Sabine,1675613829-4,10264717100,Dermatologist - Nasr City : Street 11
Dung Wenjun,1675631376-168,13547175379,Physiotherapist - El-Mansoura : Gomhoria
Douglas Ka,1675633319-279,13315545473,Physiotherapist - El-Mansoura : Gomhoria
Dorothy Aida,1675633864-300,13980605213,Physiotherapist - El-Mansoura : Gomhoria
Doris Yanhong,1675634821-350,17570594148,Physiotherapist - El-Mansoura : Gomhoria
Dongmei Klaus,1675630620-137,12941565631,Physiotherapist - 6th of October : above el-mokhtbar laboratory
Donald Junjie,1675630609-135,18016194045,General Surgeon - West El-Balad : Alabagieah Buildings-Elsayeda Aisha
Diane Lawrence,1675633334-281,13733545306,Dentist - Nasr City : EL Nasr ST
Deborah Nada,1675633365-287,18323973977,Cardiologist - El-Zagazig : the beginning of Farooq st
Daniela Manfred,1675613884-12,16603094389,Cardiologist - El-Sheikh Zayed : District 12 Courtyard zayed
Cynthia Tian,1675613921-18,17355164199,Andrologist - Hadayek El-Kobba : Teraet elgendy st
Cong Umesh,1675634852-357,11461746358,ENT Doctor - Janaklees : Abo Qir street
Claudia Asmaa,1675613878-11,33830322154,Surgical Oncologist - Tanta : Elmoderia
Chun Ravindra,1675633371-288,15478624708,Physiotherapist - Nasr City : Makram Ebaid
Christophe Joanna,1675613915-17,9306827830,Plastic Surgeon - Faisal : Faisal street - Talbeia
Christine Weimin,1675613927-19,40839731784,Physiotherapist - Shoubra : shopra
Christina Yanhua,1675634831-351,16680204369,Physiotherapist - Hadayek Helwan : almonzer
Christian Sylvie,1675633888-306,31235892333,Orthopedist - New Cairo : north teseen street
Charlotte Laila,1675634849-356,11532426319,Neurosurgeon - El-Shorouk : Panorama Mall Street
Charles Pankaj,1675613872-10,49487671473,Cardiologist - Moharam Bek : Galal El Dosoky street -Wabour El Meah
Cesar Habib,1675631691-217,18890793858,Physiotherapist - 6th of October : above el-mokhtbar laboratory
Cecilia Smt,1675631680-215,17378194194,General Surgeon - West El-Balad : Alabagieah Buildings-Elsayeda Aisha
Ca Lyudmyla,1675614298-72,9459777704,Ophthalmologist - El-Maadi : nasr st elgazaaer st
Bruno Isabelle,1675614281-71,21585893376,Ophthalmologist - Damietta El Gadeeda : Centeral Area
Brian Tim,1675634003-330,30269072408,Dentist - Nasr City : EL Nasr ST
Bernadette Herbert,1675614339-77,9322717817,Cardiologist - El-Manyal : El-Manyal street
Beatrice Hanan,1675634025-337,16874434319,Cardiologist - El-Zagazig : the beginning of Farooq st
Aziz Priyanka,1675630806-164,12887105655,Andrologist - Hadayek El-Kobba : Teraet elgendy st
Aung Martine,1675630754-159,28033162600,Surgical Oncologist - Tanta : Elmoderia
Ashok Nicholas,1675634013-333,28541762553,Orthopedist - El-Giza : Hamadan
Arun ,1675614351-79,15503104701,Obesity Surgeon - Heliopolis : 77 Abd ElHamid Badawy St. - Heliopolis - In front of El Shams Club - Above Spectra Restaurant .
Arturo Shahid,1675630819-166,9637697562,Plastic Surgeon - Faisal : Faisal street - Talbeia
Artur Stefan,1675630826-167,11804856173,Physiotherapist - Shoubra : shopra
Arthur Lingling,1675634931-376,12184285981,Orthopedist - New Cairo : north teseen street
Arif Josefina,1675633407-292,11139986542,Nutritionist - Smouha : smouha garden city
Anwar Gilberto,1675630760-160,14883454896,Gynecologist - El-Mansoura : Elnour Tower-Salah Salem Street-Talkha
Anton Huimin,1675633419-295,20957983477,"Cardiologist - Heliopolis : Nehro,Heliopolis"
Anthony Artyom,1675614345-78,28689492540,Gynecologist - Heliopolis : Othman bin Afan
Anne Rosario,1675633411-293,25421142867,Gynecologist - El-Rehab : Medical Park Elite
Anna Qinghua,1675630746-158,11350336642,Cardiologist - Moharam Bek : Galal El Dosoky street -Wabour El Meah
Anita Kassa,1675635390-401,54787141330,Physiotherapist - El-Mansoura : Gomhoria
Angela Katsumi,1675635412-407,39769461832,"Dentist - Heliopolis : Ahmed el Dardiry, Ard El Golf"
Andrew Yuriy,1675635421-410,32339782253,Gynecologist - Nasr City : Ahmed Alzumor street
Andres Yousef,1675635424-411,13724835310,General Surgeon - El-Rehab : Infront of gate 6
Andrei Lixin,1675635431-412,11589326288,Cardiologist - El-Mohandessin : Alfawakh St
Andreas Zhihui,1675635434-413,13027485594,Orthopedist - El-Sheikh Zayed : elmoaz plaza
Andrea Sheikh,1675635436-414,40985561778,Ophthalmologist - Fakous : Mostafa Kamel Street
Anastasiya Luciano,1675635442-416,31928302282,Gynecologist - Smouha : victor emmanual
Amit Alma,1675635464-421,17072254269,Physiotherapist - Hadayek Helwan : almonzer
Amar Hieu,1675635481-426,12727885726,Neurosurgeon - El-Shorouk : Panorama Mall Street
Amanda Yoko,1675635483-427,18262733990,ENT Doctor - Janaklees : Abo Qir street
Aliyu Weiming,1675635671-431,9808947429,Physiotherapist - El-Mansoura : Gomhoria
Alfred Shila,1675635696-437,15489114705,Gynecologist - Damanhur : the garden street
Alexandre Arturo,1675635703-439,11021616612,Nutritionist - Heliopolis : Mohamed Al Dahan from Nabile Al Wakad
Aleksey Haiying,1675635720-443,31032142348,Dentist - Heliopolis : mohamed farid
Aleksandr Laksmi,1675635726-445,70898491028,Physiotherapist - Hadayek El-Kobba : Alzawia Alhamraa
Alejandro Pei,1675635729-446,20753553511,Internist - Sporting : portsaid
Alberto Nasrin,1675635732-447,28250102580,Dentist - Smouha : Fawzy Moaaz street
Alaa Saraswati,1675635745-451,10189517152,Cardiologist - 6th of October : 16th unit - city stars
Ajay Ganga,1675635758-452,16677424370,Cardiologist - El-Mohandessin : Alfawakh St
Aisha Chandra,1675635762-453,21660603364,Orthopedist - El-Sheikh Zayed : elmoaz plaza
Aida Maurice,1675635765-454,10879976698,Ophthalmologist - Fakous : Mostafa Kamel Street
Ai Kirill,1675635771-456,10045587254,Gynecologist - Smouha : victor emmanual
Adama Zhenhua,1675635804-466,14057255184,"Dentist - Heliopolis : Ahmed el Dardiry, Ard El Golf"
Abraham Heather,1675635815-469,11935886106,Gynecologist - Nasr City : Ahmed Alzumor street
Abel Tu,1675635819-470,11057716590,General Surgeon - El-Rehab : Infront of gate 6
Abdullahi Mi,1675635920-471,17992714050,Physiotherapist - El-Mansoura : Gomhoria
